<?xml version='1.0' encoding='utf-8'?>
<TextureAtlas imagePath="CAMO.png"><SubTexture name="red0000" x="0" y="0" width="159" height="161" frameX="0" frameY="0" frameWidth="159" frameHeight="161" />
<SubTexture name="purple0000" x="159" y="0" width="159" height="161" frameX="0" frameY="0" frameWidth="159" frameHeight="161" />
<SubTexture name="green0000" x="318" y="0" width="162" height="158" frameX="0" frameY="0" frameWidth="162" frameHeight="158" />
<SubTexture name="blue0000" x="480" y="0" width="162" height="158" frameX="0" frameY="0" frameWidth="162" frameHeight="158" />
<SubTexture name="blue hold end0000" x="0" y="161" width="55" height="69" frameX="0" frameY="0" frameWidth="55" frameHeight="69" />
<SubTexture name="blue hold piece0000" x="55" y="161" width="56" height="49" frameX="0" frameY="0" frameWidth="56" frameHeight="49" />
<SubTexture name="green hold end0000" x="0" y="161" width="55" height="69" frameX="0" frameY="0" frameWidth="55" frameHeight="69" />
<SubTexture name="green hold piece0000" x="55" y="161" width="56" height="49" frameX="0" frameY="0" frameWidth="56" frameHeight="49" />
<SubTexture name="pruple end hold0000" x="0" y="161" width="55" height="69" frameX="0" frameY="0" frameWidth="55" frameHeight="69" />
<SubTexture name="purple hold piece0000" x="55" y="161" width="56" height="49" frameX="0" frameY="0" frameWidth="56" frameHeight="49" />
<SubTexture name="red hold end0000" x="0" y="161" width="55" height="69" frameX="0" frameY="0" frameWidth="55" frameHeight="69" />
<SubTexture name="red hold piece0000" x="55" y="161" width="56" height="49" frameX="0" frameY="0" frameWidth="56" frameHeight="49" />
</TextureAtlas>
