﻿<?xml version="1.0" encoding="utf-8"?>
<TextureAtlas imagePath="MARKOVNOTE_assets.png">
	<!-- Created with Adobe Animate version 20.0.3.25487 -->
	<!-- http://www.adobe.com/products/animate.html -->
	<SubTexture name="blue hold end0000" x="1310" y="254" width="51" height="64"/>
	<SubTexture name="blue hold piece0000" x="1371" y="254" width="51" height="44"/>
	<SubTexture name="blue0000" x="1432" y="254" width="173" height="154"/>
	<SubTexture name="blue0001" x="1432" y="254" width="173" height="154"/>
	<SubTexture name="blue0002" x="1432" y="254" width="173" height="154"/>
	<SubTexture name="blue0003" x="1432" y="254" width="173" height="154"/>
	<SubTexture name="blue0004" x="1432" y="254" width="173" height="154"/>
	<SubTexture name="blue0005" x="1432" y="254" width="173" height="154"/>
	<SubTexture name="blue0006" x="1432" y="254" width="173" height="154"/>
	<SubTexture name="blue0007" x="1432" y="254" width="173" height="154"/>
	<SubTexture name="blue0008" x="1615" y="254" width="173" height="154"/>
	<SubTexture name="blue0009" x="1798" y="254" width="173" height="154"/>
	<SubTexture name="blue0010" x="1798" y="254" width="173" height="154"/>
	<SubTexture name="blue0011" x="1798" y="254" width="173" height="154"/>
	<SubTexture name="blue0012" x="1798" y="254" width="173" height="154"/>
	<SubTexture name="blue0013" x="10" y="494" width="173" height="154"/>
	<SubTexture name="blue0014" x="193" y="494" width="173" height="154"/>
	<SubTexture name="blue0015" x="376" y="494" width="173" height="154"/>
	<SubTexture name="blue0016" x="376" y="494" width="173" height="154"/>
	<SubTexture name="blue0017" x="376" y="494" width="173" height="154"/>
	<SubTexture name="blue0018" x="376" y="494" width="173" height="154"/>
	<SubTexture name="blue0019" x="559" y="494" width="173" height="154"/>
	<SubTexture name="green hold end0000" x="742" y="494" width="51" height="65"/>
	<SubTexture name="green hold piece0000" x="803" y="494" width="51" height="44"/>
	<SubTexture name="green0000" x="864" y="494" width="173" height="156"/>
	<SubTexture name="green0001" x="864" y="494" width="173" height="156"/>
	<SubTexture name="green0002" x="864" y="494" width="173" height="156"/>
	<SubTexture name="green0003" x="864" y="494" width="173" height="156"/>
	<SubTexture name="green0004" x="864" y="494" width="173" height="156"/>
	<SubTexture name="green0005" x="864" y="494" width="173" height="156"/>
	<SubTexture name="green0006" x="864" y="494" width="173" height="156"/>
	<SubTexture name="green0007" x="864" y="494" width="173" height="156"/>
	<SubTexture name="green0008" x="1047" y="494" width="173" height="154" frameX="0" frameY="-2" frameWidth="173" frameHeight="156"/>
	<SubTexture name="green0009" x="1230" y="494" width="173" height="154" frameX="0" frameY="-2" frameWidth="173" frameHeight="156"/>
	<SubTexture name="green0010" x="1230" y="494" width="173" height="154" frameX="0" frameY="-2" frameWidth="173" frameHeight="156"/>
	<SubTexture name="green0011" x="1230" y="494" width="173" height="154" frameX="0" frameY="-2" frameWidth="173" frameHeight="156"/>
	<SubTexture name="green0012" x="1230" y="494" width="173" height="154" frameX="0" frameY="-2" frameWidth="173" frameHeight="156"/>
	<SubTexture name="green0013" x="1413" y="494" width="173" height="154" frameX="0" frameY="-2" frameWidth="173" frameHeight="156"/>
	<SubTexture name="green0014" x="1596" y="494" width="173" height="154" frameX="0" frameY="-2" frameWidth="173" frameHeight="156"/>
	<SubTexture name="green0015" x="1779" y="494" width="173" height="154" frameX="0" frameY="-2" frameWidth="173" frameHeight="156"/>
	<SubTexture name="green0016" x="1779" y="494" width="173" height="154" frameX="0" frameY="-2" frameWidth="173" frameHeight="156"/>
	<SubTexture name="green0017" x="1779" y="494" width="173" height="154" frameX="0" frameY="-2" frameWidth="173" frameHeight="156"/>
	<SubTexture name="green0018" x="1779" y="494" width="173" height="154" frameX="0" frameY="-2" frameWidth="173" frameHeight="156"/>
	<SubTexture name="green0019" x="10" y="660" width="173" height="154" frameX="0" frameY="-2" frameWidth="173" frameHeight="156"/>
	<SubTexture name="pruple end hold0000" x="193" y="660" width="51" height="64"/>
	<SubTexture name="purple hold piece0000" x="254" y="660" width="51" height="44"/>
	<SubTexture name="purple0000" x="315" y="660" width="173" height="158"/>
	<SubTexture name="purple0001" x="315" y="660" width="173" height="158"/>
	<SubTexture name="purple0002" x="315" y="660" width="173" height="158"/>
	<SubTexture name="purple0003" x="315" y="660" width="173" height="158"/>
	<SubTexture name="purple0004" x="315" y="660" width="173" height="158"/>
	<SubTexture name="purple0005" x="315" y="660" width="173" height="158"/>
	<SubTexture name="purple0006" x="315" y="660" width="173" height="158"/>
	<SubTexture name="purple0007" x="315" y="660" width="173" height="158"/>
	<SubTexture name="purple0008" x="498" y="660" width="173" height="158"/>
	<SubTexture name="purple0009" x="681" y="660" width="173" height="158"/>
	<SubTexture name="purple0010" x="681" y="660" width="173" height="158"/>
	<SubTexture name="purple0011" x="681" y="660" width="173" height="158"/>
	<SubTexture name="purple0012" x="681" y="660" width="173" height="158"/>
	<SubTexture name="purple0013" x="864" y="660" width="173" height="158"/>
	<SubTexture name="purple0014" x="1047" y="660" width="173" height="158"/>
	<SubTexture name="purple0015" x="1230" y="660" width="173" height="158"/>
	<SubTexture name="purple0016" x="1230" y="660" width="173" height="158"/>
	<SubTexture name="purple0017" x="1230" y="660" width="173" height="158"/>
	<SubTexture name="purple0018" x="1230" y="660" width="173" height="158"/>
	<SubTexture name="purple0019" x="1413" y="660" width="173" height="158"/>
	<SubTexture name="red hold end0000" x="193" y="660" width="51" height="64"/>
	<SubTexture name="red hold piece0000" x="1596" y="660" width="51" height="45"/>
	<SubTexture name="red0000" x="1657" y="660" width="173" height="157"/>
	<SubTexture name="red0001" x="1657" y="660" width="173" height="157"/>
	<SubTexture name="red0002" x="1657" y="660" width="173" height="157"/>
	<SubTexture name="red0003" x="1657" y="660" width="173" height="157"/>
	<SubTexture name="red0004" x="1657" y="660" width="173" height="157"/>
	<SubTexture name="red0005" x="1657" y="660" width="173" height="157"/>
	<SubTexture name="red0006" x="1657" y="660" width="173" height="157"/>
	<SubTexture name="red0007" x="1657" y="660" width="173" height="157"/>
	<SubTexture name="red0008" x="1840" y="660" width="173" height="157"/>
	<SubTexture name="red0009" x="10" y="828" width="173" height="157"/>
	<SubTexture name="red0010" x="10" y="828" width="173" height="157"/>
	<SubTexture name="red0011" x="10" y="828" width="173" height="157"/>
	<SubTexture name="red0012" x="10" y="828" width="173" height="157"/>
	<SubTexture name="red0013" x="193" y="828" width="173" height="157"/>
	<SubTexture name="red0014" x="376" y="828" width="173" height="157"/>
	<SubTexture name="red0015" x="559" y="828" width="173" height="157"/>
	<SubTexture name="red0016" x="559" y="828" width="173" height="157"/>
	<SubTexture name="red0017" x="559" y="828" width="173" height="157"/>
	<SubTexture name="red0018" x="559" y="828" width="173" height="157"/>
	<SubTexture name="red0019" x="742" y="828" width="173" height="157"/>
</TextureAtlas>
