﻿<?xml version="1.0" encoding="utf-8"?>
<TextureAtlas imagePath="WARNING.png">
	<!-- Created with Adobe Animate version 21.0.6.41649 -->
	<!-- http://www.adobe.com/products/animate.html -->
	<SubTexture name="blue hold end0000" x="5" y="5" width="50" height="64"/>
	<SubTexture name="blue hold piece0000" x="60" y="5" width="50" height="44"/>
	<SubTexture name="blue0000" x="115" y="5" width="157" height="154"/>
	<SubTexture name="green hold end0000" x="5" y="5" width="50" height="64"/>
	<SubTexture name="green hold piece0000" x="60" y="5" width="50" height="44"/>
	<SubTexture name="green0000" x="277" y="5" width="157" height="154"/>
	<SubTexture name="purple0000" x="5" y="164" width="154" height="157"/>
	<SubTexture name="pruple end hold0000" x="5" y="5" width="50" height="64"/>
	<SubTexture name="purple hold piece0000" x="60" y="5" width="50" height="44"/>
	<SubTexture name="red hold end0000" x="5" y="5" width="50" height="64"/>
	<SubTexture name="red hold piece0000" x="60" y="5" width="50" height="44"/>
	<SubTexture name="red0000" x="164" y="164" width="154" height="157"/>
</TextureAtlas>
